{
  "project_info": {
    "project_number": "1064094020555",
    "project_id": "bugsv2-f1361",
    "storage_bucket": "bugsv2-f1361.appspot.com"
  },
  "client": [
    {
      "client_info": {
        "mobilesdk_app_id": "1:1064094020555:android:9de5eb249a58644a6c3c4e",
        "android_client_info": {
          "package_name": "com.example.bugsv2"
        }
      },
      "oauth_client": [
        {
          "client_id": "1064094020555-9sogbpn1mno5bkfhi08icisjs659b20d.apps.googleusercontent.com",
          "client_type": 3
        }
      ],
      "api_key": [
        {
          "current_key": "AIzaSyCh3qbeMkNSuZb94EE6H36pJJBi5Uf-WSA"
        }
      ],
      "services": {
        "appinvite_service": {
          "other_platform_oauth_client": [
            {
              "client_id": "1064094020555-9sogbpn1mno5bkfhi08icisjs659b20d.apps.googleusercontent.com",
              "client_type": 3
            }
          ]
        }
      }
    }
  ],
  "configuration_version": "1"
}